{"cameraMode":{"drawMode":0,"name":"Shaded","section":"Shading Mode"},"sceneLighting":true,"audioPlay":false,"sceneViewState":{"showFog":true,"showMaterialUpdate":false,"showSkybox":true,"showFlares":true,"showImageEffects":true,"showParticleSystems":true},"in2DMode":false,"pivot":{"x":3.245532989501953,"y":-0.16639095544815064,"z":6.539422035217285},"rotation":{"x":0.0766095444560051,"y":-0.47007647156715395,"z":0.040999557822942737,"w":0.8783432841300964},"size":17.458131790161134,"orthographic":false}